0,0,443,4
504,0,561,5
1794,1,126,81
1841,2,694,4
963,3,423,62
3217,3,811,39
3544,3,3,3
967,4,892,30
2526,4,743,52
890,5,459,56
1589,5,305,40
2288,5,459,42
3817,5,862,2
2095,6,6,84
2630,6,151,86
3400,6,151,45
3540,6,293,56
305,8,438,9
2590,8,632,4
2179,9,56,99
3219,9,56,9
3508,9,412,14
2117,10,704,90
3104,10,778,58
3119,10,485,68
535,11,18,75
1151,11,908,42
2795,11,431,89
3398,11,431,34
1218,12,311,64
2002,12,833,39
487,14,444,1
621,14,751,52
810,14,926,4
1624,14,926,10
3855,14,161,3
105,15,555,77
546,15,953,23
973,15,555,60
3049,15,555,96
1661,16,660,16
1948,16,764,8
3562,16,494,8
3765,16,839,3
2998,17,620,83
3141,17,75,42
3556,17,176,19
1213,18,908,67
2709,18,908,85
3465,18,737,18
195,19,212,88
2970,19,921,89
3124,19,237,21
3197,19,19,44
3512,20,643,51
1079,21,373,73
2716,21,206,99
1867,22,748,9
2875,22,748,43
3203,22,367,97
842,23,165,39
2772,23,23,75
64,24,371,6
77,24,144,7
1259,24,764,7
1700,24,113,2
2331,24,593,9
2569,24,538,8
2839,24,371,72
1142,25,60,3
2132,25,266,5
2118,26,356,45
3228,26,122,39
485,27,404,9
1025,27,767,7
1118,27,272,2
1601,27,221,1
3125,27,325,10
3422,27,334,6
683,29,316,17
1089,29,565,82
1793,29,565,98
691,30,436,78
1351,30,30,25
3616,30,573,91
308,31,451,38
2421,31,952,98
1201,33,599,71
1863,33,403,40
3299,33,218,93
137,34,818,32
869,35,914,39
1550,35,419,70
2720,35,419,5
3205,35,498,21
312,36,583,2
401,36,557,10
877,36,504,7
1409,36,579,9
2020,36,504,6
3433,36,678,5
330,37,712,4
524,37,485,16
534,37,943,42
767,37,801,9
1403,37,274,100
1433,37,208,100
1528,37,10,63
1606,37,397,92
2129,37,264,5
3572,37,421,9
3644,37,943,53
3694,37,864,5
563,38,129,60
977,38,766,92
1242,38,900,10
1446,38,916,1
1649,38,57,55
1988,38,129,94
2016,38,57,41
2037,38,696,97
2088,38,874,6
2320,38,790,51
2596,38,614,5
2742,38,826,9
3036,38,387,63
3296,38,272,1
36,39,826,5
2580,39,926,5
2606,39,595,6
2813,39,766,7
3424,39,913,10
3686,39,706,3
79,40,793,90
2408,41,243,20
3692,41,125,95
2200,42,739,59
1206,43,137,86
2451,43,137,73
2815,43,195,66
127,44,302,63
370,44,531,4
744,44,991,58
1247,44,302,35
1663,44,141,38
1778,44,257,99
1816,44,578,100
2906,44,405,10
3581,44,302,67
221,45,20,18
960,45,240,52
2586,45,240,77
2728,45,753,95
265,46,805,97
488,46,68,93
1234,46,143,7
1542,46,256,58
1692,46,146,15
2225,46,837,9
2699,46,146,29
3105,46,371,1
3771,46,727,3
628,47,15,18
1043,47,924,34
1350,47,964,2
1825,47,474,10
1995,47,555,24
2173,47,787,2
2515,47,841,95
2818,47,769,9
2902,47,555,32
3058,47,668,3
3128,47,79,99
3404,47,89,95
3788,47,801,4
882,48,531,2
931,48,913,4
1575,48,875,5
3671,48,408,8
3796,48,145,8
3857,48,875,5
1070,50,794,56
1448,50,864,100
3244,51,821,22
3368,52,198,25
900,53,987,48
2634,54,903,27
202,55,677,5
1620,55,447,90
3385,56,822,51
2475,57,272,42
946,58,334,10
3593,58,506,1
886,59,321,5
1099,59,307,4
2287,59,239,2
2715,59,144,5
3515,59,678,1
997,60,942,6
456,61,633,2
1068,61,633,12
1399,62,438,82
2441,62,335,36
595,63,576,14
759,63,128,3
1064,63,575,3
1194,63,839,4
2293,63,89,1
2583,63,227,4
3150,63,475,3
3456,63,233,2
3497,64,440,45
3730,64,723,70
1263,65,379,55
1545,65,824,7
1635,65,149,62
1722,65,162,7
1813,65,14,92
2001,65,161,98
2195,65,467,7
2346,65,410,3
2448,65,170,57
2570,65,411,97
1115,66,221,3
3302,66,942,3
3363,66,733,9
3655,66,853,9
540,67,909,56
770,67,135,37
881,67,50,5
2410,67,357,82
557,68,837,3
2109,68,805,2
1053,69,482,29
1412,69,438,15
2262,69,387,90
3098,70,116,84
268,71,33,100
435,71,155,7
655,71,615,70
787,71,624,18
920,71,384,97
1325,71,33,49
1480,71,317,94
2809,71,624,58
2940,71,624,1
3230,71,814,9
3370,71,74,1
3436,71,712,3
2289,72,362,27
2811,72,193,66
3218,72,315,84
399,73,364,71
3275,73,73,9
3747,73,73,87
347,74,263,9
1017,74,960,2
1931,74,868,4
2516,74,71,7
928,75,975,10
3053,75,975,6
2018,76,53,83
3609,76,392,54
174,78,249,48
1298,79,964,10
2384,79,89,5
3235,79,207,8
3767,79,97,9
3684,81,153,75
3345,82,711,15
13,83,511,96
527,83,842,50
675,83,831,92
978,83,937,30
2055,83,937,20
2208,83,937,16
2259,83,338,5
3335,83,937,69
3545,83,343,4
3850,83,886,72
1367,84,202,94
1904,84,488,71
3212,84,601,56
553,85,85,12
704,85,329,39
1109,85,804,69
2760,85,326,52
3204,86,937,65
1698,87,998,64
2933,87,967,70
3738,87,674,54
2220,88,984,23
148,89,306,9
982,89,79,1
1048,89,679,8
26,90,334,10
355,90,709,7
500,90,828,77
1124,90,784,5
1756,90,863,2
1918,90,136,27
2058,90,913,92
2301,90,108,100
2678,90,136,57
2886,90,136,39
512,91,597,49
529,91,597,98
1400,91,855,56
3242,91,597,23
1748,92,991,80
2079,92,962,69
402,93,93,42
2003,93,779,24
3094,93,297,63
1557,94,253,31
25,95,113,8
290,95,215,9
37,96,636,1
160,96,339,97
418,96,290,2
483,96,753,70
606,96,661,4
617,96,729,88
645,96,240,99
1368,96,706,2
1459,96,835,1
1732,96,561,92
2181,96,659,8
2322,96,536,10
3076,96,642,6
3169,96,835,7
3319,96,529,9
3785,96,661,8
236,97,960,9
304,97,540,10
2637,97,275,2
2915,97,540,4
3599,97,306,9
3757,97,8,8
1460,98,387,21
3690,98,387,59
2036,99,442,8
3835,99,564,4
140,101,51,12
2943,101,51,26
3812,101,680,4
1214,103,257,7
1292,103,875,7
1345,103,99,3
1699,103,695,6
1851,103,756,10
2759,103,875,1
2778,103,631,5
3303,103,875,5
3804,103,975,81
425,104,952,67
2713,104,323,88
3160,104,935,81
3455,104,510,14
1614,105,105,51
2113,105,824,44
2263,105,149,85
1272,106,157,34
2509,107,107,92
2603,107,907,11
3052,107,785,36
3590,107,107,49
582,108,913,6
1014,108,806,6
1842,108,578,6
1397,109,990,37
1582,109,795,31
2025,109,109,30
3571,109,795,69
2455,110,4,70
1525,111,111,9
3220,111,855,45
3388,111,368,23
453,112,736,97
699,112,139,37
970,112,117,3
1114,112,670,56
1786,112,898,7
1803,112,540,5
2065,112,642,8
2272,112,139,34
2407,112,207,94
2747,112,646,57
3282,112,679,95
3322,112,638,8
3681,112,412,11
2106,113,169,4
2533,113,95,8
3236,113,131,7
910,115,775,99
82,116,719,55
3305,116,719,10
11,117,541,5
983,117,1000,59
1236,117,0,94
1632,117,1000,8
2440,117,197,54
2499,117,207,1
3224,117,443,94
3527,117,525,8
3826,117,223,76
2496,118,968,59
566,119,838,7
2793,119,257,4
3787,119,174,1
358,120,458,18
1062,120,885,23
1287,120,120,44
2316,120,984,68
3504,120,858,4
781,121,611,68
2683,121,633,20
2855,121,702,55
3392,121,729,29
2495,122,883,80
3097,122,946,34
376,123,362,11
2158,123,284,93
120,124,822,11
2491,124,982,54
3073,124,721,41
3259,124,721,85
463,125,846,3
796,125,745,33
941,125,70,98
1133,125,752,16
1269,125,352,4
1384,125,189,99
2087,125,752,9
2558,125,216,4
2744,125,517,92
3153,125,70,82
3601,125,745,100
1153,126,400,19
1664,126,126,56
1135,127,224,32
861,128,134,9
862,128,716,4
1185,128,142,10
2574,128,584,45
2700,128,227,1
2925,128,317,6
3265,128,333,1
3776,128,462,3
192,129,57,43
1644,129,98,24
1839,129,790,42
2543,130,177,55
2672,130,130,22
740,131,710,8
843,131,740,50
867,131,398,3
948,131,579,3
1366,131,215,3
1626,131,504,7
2133,131,882,7
3268,131,649,6
3674,131,397,1
194,132,223,57
731,132,223,9
2929,132,1000,72
2520,133,996,5
3478,133,955,96
3846,133,955,15
386,134,259,1
1410,134,333,2
1564,134,372,8
1743,134,333,4
2202,134,251,6
2460,134,819,5
2756,134,848,8
387,135,466,60
2995,135,389,90
3418,135,601,87
493,136,322,56
1004,136,322,9
562,137,231,33
1499,137,388,11
3269,137,43,65
3336,137,231,24
958,138,671,20
1962,138,859,96
2578,138,859,41
1976,139,670,59
2939,139,9,95
692,140,663,56
1468,140,497,37
1495,140,455,69
1921,140,519,34
2029,140,663,67
3146,141,92,79
3622,141,302,56
400,142,618,1
837,142,926,2
1002,142,332,4
1456,142,716,5
1897,142,957,2
1084,143,299,7
2449,143,46,6
3330,143,371,7
549,144,864,4
1271,144,610,8
1752,144,36,7
1865,144,527,4
3763,144,787,6
3834,144,59,2
81,145,48,3
337,145,683,1
486,145,187,21
820,145,44,9
1059,145,484,93
1123,145,205,6
1186,145,484,26
1229,145,939,43
1567,145,709,2
2026,145,595,93
2314,145,683,4
2328,145,508,90
2745,145,876,92
3005,145,226,10
1926,146,146,3
3010,146,763,49
3059,146,201,28
2645,147,537,19
3440,147,849,54
57,148,1,58
586,148,126,42
1054,148,126,73
2577,148,1,93
336,149,824,54
547,149,411,69
3634,149,105,77
2188,150,620,38
2191,151,220,47
1566,152,925,18
3117,152,925,68
3551,152,925,23
282,153,963,80
3552,153,280,72
1027,154,931,6
1126,154,718,9
1790,154,926,8
555,155,960,93
1243,155,819,100
1428,155,612,91
1584,155,890,14
2199,155,827,37
2223,155,868,3
2277,155,923,3
2308,155,416,29
2368,155,461,8
2904,155,959,6
3140,155,416,64
3245,155,814,10
3755,155,416,95
72,156,779,8
2011,156,779,85
2457,156,297,29
3618,156,808,98
779,158,309,31
2512,159,509,6
3841,159,618,4
769,160,335,28
1072,160,698,83
732,161,14,2
1130,161,751,6
1225,161,467,6
1421,161,39,6
3739,161,39,4
257,162,180,8
822,162,799,8
1697,162,166,99
1805,162,234,13
2345,162,638,9
2501,162,94,75
2507,162,94,80
2881,162,499,19
3272,162,499,57
3541,162,528,97
1505,163,976,56
3294,163,769,60
2254,164,164,18
2367,164,43,6
2862,164,110,36
159,165,136,80
2315,165,717,30
348,166,528,8
825,166,25,4
1040,166,552,3
2335,166,853,6
2377,166,58,10
2849,166,756,3
93,167,617,32
3062,168,852,15
3290,168,558,81
63,169,11,11
722,169,18,15
830,169,11,90
1286,169,431,13
1441,169,431,13
1475,169,610,3
1898,169,11,13
1912,169,59,92
2395,169,113,2
2812,169,710,1
3484,169,144,96
1094,170,411,41
2663,170,824,11
3266,170,379,58
688,171,768,94
2710,171,295,10
3652,171,639,92
234,172,901,72
1244,172,341,27
987,173,906,80
1638,173,173,55
2043,174,578,9
2675,174,119,1
1960,175,755,70
2112,175,866,31
2381,175,866,10
6,176,620,27
577,176,150,74
3359,176,620,29
1724,177,268,5
2454,177,417,96
3,178,61,42
147,178,446,100
727,178,584,64
1026,178,107,67
1257,178,898,8
1501,178,332,3
1941,178,907,91
2099,178,872,96
2290,178,706,4
2525,178,759,2
2750,178,785,91
3448,178,540,99
3523,178,112,6
3650,178,509,2
3680,178,785,6
1404,179,389,62
23,180,234,9
1156,181,936,99
3821,181,512,51
373,182,964,2
652,182,238,99
748,182,864,97
1077,182,258,100
1610,182,346,1
1714,182,976,36
1830,182,789,1
1878,182,258,18
2245,182,307,97
2372,182,37,3
2522,182,238,67
2636,182,668,9
3122,182,522,88
3249,182,801,2
3688,182,575,7
3828,182,769,10
332,183,23,57
818,183,165,99
1159,184,915,4
2473,184,922,64
371,185,402,69
663,186,409,73
2420,186,491,58
2656,186,361,76
188,187,484,92
1549,187,226,42
2249,187,570,58
3145,187,570,71
1103,188,695,10
2983,188,578,8
3196,188,442,9
1230,189,517,10
1527,189,457,3
2869,189,579,6
3594,189,352,6
3626,189,787,10
3705,189,583,10
414,191,634,63
3004,191,523,71
73,192,889,100
2176,192,753,84
608,193,783,94
2231,193,783,90
2481,193,193,53
3637,193,362,70
573,194,262,16
1598,194,697,36
1910,194,782,38
3278,194,194,59
466,195,945,24
2049,195,734,78
2798,195,232,31
3522,195,655,18
662,196,738,42
1352,196,2,95
35,197,525,49
1594,197,525,5
3078,197,1000,34
3239,197,197,38
762,198,823,64
2780,199,662,35
3331,199,662,12
33,201,867,98
403,201,763,3
1289,201,728,44
2538,201,867,4
1980,202,454,23
2154,202,376,70
2941,202,202,32
1148,203,386,21
2562,203,271,4
2820,203,513,72
3213,203,194,61
335,204,407,5
707,204,970,4
806,204,131,95
1088,204,580,6
1107,204,609,6
1424,204,82,86
1520,204,711,69
1804,204,587,6
2403,204,215,97
2828,204,710,3
2836,204,296,96
3658,204,296,50
28,205,448,21
285,205,137,58
610,205,991,8
1146,205,44,7
1946,205,43,64
1958,205,375,37
2083,205,231,53
2086,205,344,93
2726,205,880,3
3063,205,709,5
3185,205,595,4
3255,205,916,6
3459,205,430,27
3546,205,767,93
128,206,212,98
565,206,21,48
614,206,237,54
1294,207,679,8
3529,207,117,2
955,208,943,84
1013,208,943,18
2040,209,856,3
327,210,288,11
2256,210,288,27
2450,210,585,42
157,211,187,39
329,211,187,33
654,211,939,81
2958,212,21,19
3113,212,206,64
3768,212,373,99
3447,213,104,16
2130,214,39,9
2877,214,928,4
3028,214,759,4
3168,214,716,1
3271,214,659,1
3689,214,410,5
31,215,131,5
247,215,274,3
879,215,554,6
2048,215,730,1
2739,215,844,2
3297,215,778,3
3394,215,227,10
62,216,210,19
600,216,623,96
622,216,668,2
1060,216,764,6
1104,216,245,31
1574,216,245,49
2071,216,950,54
2757,216,580,8
2787,216,155,10
3516,216,210,75
3773,216,300,92
1915,217,922,91
2676,217,283,69
3225,217,283,68
721,218,624,48
836,218,624,41
964,218,155,98
1685,218,599,21
2659,220,339,100
407,221,539,10
2794,221,914,2
213,222,227,2
711,222,371,2
1044,222,16,5
1085,222,554,6
1249,222,850,2
2628,222,300,10
3827,222,844,10
752,223,974,11
1158,223,132,5
3532,223,197,41
2872,224,173,23
3377,224,157,76
891,225,351,38
2843,225,35,59
2458,226,226,76
3818,226,484,30
101,227,263,5
1222,227,579,9
1310,227,446,8
1498,227,839,7
1740,227,730,5
1771,227,716,3
687,228,901,56
2426,229,151,24
3298,229,229,58
408,230,681,5
1182,230,839,22
1349,230,681,87
2033,230,579,32
2246,230,675,31
2362,230,497,75
1,231,375,49
2912,232,254,84
3654,232,655,8
3585,233,544,1
1018,234,499,98
3101,234,253,98
1224,235,2,22
2492,235,781,40
156,236,850,8
979,236,514,1
1420,236,389,81
1674,236,967,72
3754,236,300,8
788,237,613,80
1764,237,762,88
228,238,258,85
2096,238,976,67
3173,238,327,77
3379,238,725,55
394,239,274,8
1476,239,527,5
1998,239,321,10
3024,239,517,6
2291,240,529,43
173,241,564,10
352,241,806,100
437,241,498,60
1462,241,498,47
1629,241,405,1
1923,241,298,100
2444,241,695,9
2704,241,404,97
2937,241,796,6
3530,241,749,30
3646,241,765,19
1197,242,888,27
2273,242,239,90
845,243,685,30
925,243,284,76
1267,243,41,72
2187,243,41,18
267,244,660,82
815,244,660,76
3016,244,612,91
3115,244,890,85
244,245,585,20
1702,245,585,63
2482,245,210,30
3314,245,585,99
703,247,247,70
1432,247,949,96
1875,248,875,4
184,249,860,48
3470,249,860,78
899,250,986,38
2986,250,732,73
56,251,689,7
543,251,406,1
909,251,689,97
2124,251,648,3
2725,251,689,8
3469,251,166,4
114,252,252,5
3276,252,252,24
3511,252,230,7
3524,252,230,64
1571,253,234,7
1658,253,499,56
2394,253,499,57
3600,253,180,5
1337,254,945,44
2614,254,945,27
396,255,60,69
856,255,266,7
860,255,733,7
916,255,186,16
1422,255,491,82
1766,255,792,4
2689,255,853,97
2891,255,409,75
2917,255,186,62
3099,255,651,90
3375,255,66,96
454,256,867,1
1395,256,728,72
2294,256,763,30
3666,256,763,36
3346,257,578,5
3435,257,405,6
191,258,238,79
1300,258,163,9
1823,258,329,79
110,259,439,3
472,259,134,1
876,259,439,7
883,259,515,10
995,259,960,10
1370,259,483,1
1387,259,406,5
1831,259,410,7
1967,261,713,49
579,262,194,87
2186,262,697,95
3357,262,194,64
685,263,819,9
2743,263,494,3
3458,263,74,3
245,264,604,61
528,264,72,15
530,264,397,5
763,264,362,57
804,264,362,39
1820,264,882,92
2723,264,464,8
3033,264,668,5
3161,264,315,37
3564,264,554,100
3576,264,604,42
511,265,343,5
1161,266,255,4
3025,266,942,10
3660,266,25,8
383,268,177,79
1733,268,997,9
3486,268,268,29
1416,270,472,7
3769,270,900,10
751,271,972,59
1037,271,551,31
1293,271,905,72
145,272,796,3
351,272,916,52
558,272,27,8
695,272,305,42
803,272,292,13
1036,272,916,9
1162,272,103,99
1648,272,305,72
1886,272,303,55
2006,272,5,71
2030,272,756,93
2674,272,631,7
3031,272,459,11
3358,272,90,9
3413,272,807,86
3439,272,914,1
2865,273,839,33
1523,274,397,6
3774,274,839,10
10,275,494,97
74,275,112,6
164,275,551,35
1006,275,632,3
1183,275,155,10
1245,275,669,91
1617,275,868,92
1627,275,814,5
1639,275,449,31
2139,275,669,26
3001,275,669,62
3116,275,762,96
3226,275,112,1
3443,275,97,1
340,276,54,67
743,276,740,29
3536,276,54,48
2952,277,491,7
3416,277,651,51
27,278,815,69
258,278,922,99
1132,278,815,90
1231,278,46,3
1313,278,487,3
1768,278,283,9
2669,278,143,96
2708,278,283,9
3187,278,299,92
3509,278,125,10
853,279,337,10
1590,279,290,7
3206,279,928,2
1364,280,963,45
3087,280,378,24
328,281,285,7
1535,281,578,3
2777,281,666,82
104,283,815,54
227,284,989,57
1570,284,970,58
124,285,257,8
368,285,281,8
2222,285,629,9
54,286,371,10
190,286,600,1
901,286,764,9
1171,286,902,1
2402,286,144,2
3591,286,514,8
2425,287,597,62
3479,287,368,6
280,288,210,96
912,288,288,30
2706,288,950,81
326,290,816,38
393,290,671,2
809,290,523,88
2286,290,191,11
2343,290,251,98
2478,290,658,5
2712,290,279,9
2980,290,374,43
3428,290,406,93
3528,290,634,76
2894,291,691,97
3047,292,863,80
1308,293,800,85
1952,293,800,83
266,294,941,57
1613,294,918,64
1996,294,721,78
46,295,109,87
260,295,639,4
361,295,836,99
367,295,505,3
467,295,780,91
523,295,242,64
738,295,990,50
944,295,990,94
1324,295,981,95
1377,295,837,9
2655,295,795,63
3553,295,701,8
3647,295,958,60
739,296,82,82
1281,296,711,21
2382,296,82,27
119,297,808,66
460,297,808,55
2165,297,156,72
3525,297,843,22
489,298,757,37
552,298,498,21
1331,298,749,84
71,299,143,3
3656,299,222,2
2613,300,321,5
3181,300,623,5
734,301,440,25
811,301,626,15
2737,301,694,28
2373,302,302,81
2463,302,731,53
2819,302,302,51
2934,302,962,18
3451,303,862,94
2012,305,303,40
3702,305,496,41
469,306,446,3
1507,306,438,1
1726,306,819,8
2954,306,446,9
3138,306,97,3
1315,307,317,1
1933,307,128,2
2359,307,778,1
2585,307,864,3
441,308,767,51
519,308,308,40
2880,308,747,96
2889,308,747,24
3538,308,797,92
2635,309,588,80
2947,309,601,15
2968,309,601,44
2107,310,510,75
2561,310,104,28
3563,310,310,60
2734,311,147,41
291,312,439,33
904,312,73,37
1429,312,859,98
1989,312,364,61
1177,315,273,61
1854,315,783,24
531,316,316,2
3329,316,673,72
47,317,689,9
444,317,333,2
1641,317,679,1
1920,317,14,2
2686,317,384,4
123,318,220,45
671,318,293,79
3751,318,559,95
94,320,897,10
556,320,951,8
851,320,642,7
1662,320,23,21
1749,320,823,90
2589,320,799,5
3380,320,270,8
3577,320,767,4
937,321,227,3
1378,321,128,3
1515,321,839,10
3382,321,787,1
410,322,322,12
1295,322,322,7
3534,322,451,86
3542,322,863,2
2430,323,935,37
3653,323,798,82
570,324,78,50
2605,324,775,22
3682,324,891,17
52,325,539,6
411,325,27,6
1555,325,122,35
2326,325,344,10
2665,325,806,9
3837,325,58,8
2279,326,329,24
2601,326,422,47
3698,326,85,73
2160,327,889,24
719,328,918,33
273,329,896,100
2233,329,326,14
2697,329,85,36
3806,329,804,65
143,332,142,9
320,332,178,6
643,332,524,1
1254,332,214,6
2342,332,159,8
2773,332,39,2
676,333,439,6
1484,334,90,4
3155,334,391,2
3619,334,58,7
780,335,857,32
1125,335,160,13
1279,335,857,54
349,336,389,4
988,336,465,5
1258,336,820,93
1288,336,140,89
2841,336,179,58
2351,337,803,1
2992,337,279,7
640,338,286,99
1052,338,902,98
1075,338,46,2
1233,338,12,75
1239,338,311,76
1694,338,311,36
1754,338,511,3
1913,338,600,2
2010,338,311,59
2157,338,833,19
2271,338,870,7
3167,338,943,50
3318,338,870,2
3489,338,37,6
3659,338,537,30
86,339,636,7
506,339,8,6
509,339,897,10
1176,339,826,8
1615,339,766,10
2075,339,561,7
2786,339,897,1
3082,339,751,8
3778,339,941,55
2899,340,526,98
2517,341,901,29
2858,341,692,50
3429,341,692,99
1440,343,83,10
3851,343,265,9
434,344,58,5
3411,344,767,6
939,345,829,9
971,345,345,67
1533,345,885,3
3285,345,984,2
276,346,259,98
296,346,636,1
409,346,700,77
747,346,759,5
1078,346,603,40
1122,346,96,3
1389,346,461,6
1680,346,700,98
1721,346,483,8
2189,346,42,58
2334,346,65,2
2846,346,134,94
2905,346,603,29
3261,346,961,10
3820,346,603,6
2553,347,213,94
443,348,834,82
855,348,707,97
2150,348,707,64
3264,348,477,74
1826,349,865,43
3741,349,476,3
943,350,531,3
12,352,901,83
216,352,189,3
761,352,228,19
816,352,63,91
1127,352,668,4
1322,352,769,2
1583,352,519,5
1679,352,228,11
1906,352,182,7
1916,352,692,38
2212,352,575,99
2221,352,47,5
2387,352,692,37
3378,352,901,26
271,354,152,93
2827,354,354,100
966,355,133,27
2344,355,996,94
2822,355,549,39
3430,355,133,46
847,356,122,3
1708,356,122,70
201,357,67,77
2619,357,50,70
1049,358,366,10
1486,358,878,4
2466,359,954,14
533,360,344,8
1083,360,325,10
1334,360,826,9
2650,360,472,4
3215,360,552,8
3670,361,409,46
1419,362,604,32
2365,362,273,65
433,364,960,64
880,364,548,47
1546,364,138,37
2687,364,194,11
3012,364,364,68
2035,365,630,40
3195,365,140,23
2644,366,358,2
2673,367,480,97
293,368,111,79
3555,368,287,21
575,369,819,8
1391,369,630,87
1647,369,317,1
2216,369,227,5
2695,369,791,2
2792,369,306,5
125,371,727,3
619,371,851,6
1738,371,771,31
2226,371,579,1
2452,371,398,4
2972,371,222,10
3223,371,623,5
3683,371,764,4
3691,371,882,7
220,372,154,9
412,372,515,1
2042,372,721,11
2735,372,951,10
1408,373,21,96
1785,373,212,6
3501,373,373,43
3749,373,960,25
457,374,191,94
2077,374,816,60
3472,374,523,87
240,375,430,59
1019,376,454,83
1306,376,202,93
3517,376,488,58
2298,378,611,53
2445,378,963,17
420,379,170,63
996,380,380,21
1427,380,183,76
2161,381,380,71
139,382,414,85
1789,382,650,4
2566,382,121,44
180,383,653,58
277,383,761,74
2459,383,966,8
773,384,439,1
1502,384,433,8
2389,384,161,4
2984,384,317,1
3401,384,207,5
3732,384,712,2
1016,385,703,28
1755,385,776,41
3325,385,703,85
1767,386,513,2
2873,386,271,43
14,387,57,92
681,388,565,91
2140,388,388,26
3057,388,29,47
1297,389,465,100
1544,389,389,1
2000,389,547,79
3629,389,820,83
1138,391,506,8
3695,391,784,1
976,392,76,28
1630,392,392,97
2366,392,980,99
215,394,588,47
723,394,861,54
1179,394,394,74
2159,394,394,38
1870,395,419,27
2224,395,874,53
2361,395,225,67
2829,395,225,48
541,396,910,70
560,396,949,24
1637,396,396,47
746,397,583,9
1205,397,274,10
2339,397,264,5
1599,398,587,7
2115,398,844,6
576,399,365,30
1633,399,140,48
630,400,400,1
2336,400,777,48
2624,400,1,41
1111,401,533,58
3464,401,553,38
2629,402,229,10
3853,402,185,4
1938,403,33,34
3023,403,556,44
3237,403,556,43
1957,404,257,3
2435,404,806,10
2617,404,796,3
362,405,875,93
911,405,683,10
1678,405,666,90
2041,405,666,92
2046,405,666,38
2168,405,118,8
2355,405,486,31
2397,405,248,94
2488,405,257,3
3431,405,968,95
98,406,433,4
961,406,978,1
1152,406,536,38
1776,406,528,6
2180,406,433,6
2825,406,251,5
3389,406,671,7
559,407,82,41
1539,407,999,94
1940,407,609,48
3300,407,609,73
3704,407,82,31
263,408,248,1
1543,408,108,4
2128,408,48,3
2994,408,350,2
3006,408,248,2
1577,409,361,86
3121,409,651,59
623,410,848,9
1605,410,799,8
1668,410,234,49
2608,410,65,5
932,411,149,70
1669,411,170,20
1671,411,149,10
3669,412,670,95
3746,412,670,98
3794,412,736,29
998,413,271,87
2404,413,596,17
2584,413,647,8
3474,413,425,78
895,414,769,51
233,415,675,42
3288,415,252,71
2182,416,890,58
2685,416,416,43
3281,416,612,78
3158,417,568,60
1707,418,571,30
1893,418,533,93
3514,418,553,44
1797,419,395,56
3745,419,351,48
981,421,541,2
1326,421,185,64
1386,421,621,29
1857,421,402,71
2146,421,583,94
2321,421,621,28
2332,421,668,3
2437,421,944,99
3231,421,839,95
3442,421,461,10
3605,421,621,61
3724,421,649,2
3252,422,896,58
605,423,3,43
1896,423,423,67
165,424,229,99
481,424,185,9
1792,424,621,69
1270,425,647,45
1811,425,911,39
2612,425,647,20
3417,425,596,25
397,426,674,82
2371,426,447,88
2549,426,998,35
3352,426,447,88
1141,427,501,67
1302,427,829,20
1536,427,829,79
1479,428,479,23
2401,428,776,97
1604,429,956,84
1970,429,429,59
525,430,375,91
2740,430,430,34
3200,430,43,38
3165,431,156,16
1603,432,688,1
2007,432,527,3
2505,432,582,6
2910,432,764,2
3193,432,851,8
3752,432,864,5
1622,433,689,6
2486,433,478,37
3238,433,536,5
3280,433,826,5
3795,433,766,4
9,434,26,20
475,434,434,90
1855,434,434,16
2068,434,356,84
2422,434,405,43
1879,435,478,78
3713,435,743,97
3728,436,758,15
583,437,683,38
2299,437,354,97
3633,437,925,95
3716,438,8,2
248,439,923,8
1216,439,333,10
292,440,594,16
2175,441,291,77
2529,441,441,88
3491,441,722,44
1781,442,99,8
253,443,0,9
808,443,541,2
1587,443,339,6
850,444,648,6
1342,444,344,7
2931,444,751,9
3127,444,188,1
3129,444,539,8
3361,444,23,50
3592,444,876,7
3783,444,552,8
1235,445,504,79
2609,445,61,31
3241,445,367,16
464,446,104,24
647,446,166,7
969,446,951,7
1765,446,957,7
2201,446,540,4
2913,447,924,99
3284,447,426,16
3847,447,87,16
1362,448,137,13
68,449,929,17
214,449,669,2
3561,449,736,77
3731,449,656,70
1373,450,460,57
2510,450,69,35
2593,450,482,36
896,451,322,54
2329,451,863,43
2552,452,697,44
3083,452,782,12
3703,452,744,85
294,453,481,43
800,453,606,1
903,453,866,20
3403,453,866,89
572,454,563,22
1497,455,663,61
1991,456,806,9
2774,456,502,10
3535,456,108,4
3557,456,60,9
3582,456,108,1
3632,456,108,3
450,457,682,6
2267,457,519,10
3753,457,439,4
111,458,777,8
1683,458,714,31
2064,458,984,80
3309,458,885,85
1353,459,292,47
2801,459,292,17
2919,459,862,27
2137,460,895,65
2141,460,895,61
3663,460,450,56
249,461,959,4
1091,461,332,93
1388,461,642,5
1489,461,955,55
1562,461,178,7
2039,461,133,83
2416,461,635,82
2467,461,133,37
2476,461,142,100
3667,461,515,2
161,462,332,2
757,462,259,8
1652,462,128,10
1925,462,439,9
2156,462,801,7
2418,462,579,2
2965,462,214,2
3080,462,384,10
342,463,627,99
3412,463,430,97
286,464,964,7
344,464,596,62
350,464,16,98
720,464,841,68
778,464,425,24
1728,464,47,7
1737,464,764,91
1807,464,882,2
2370,464,647,1
2480,464,668,8
2677,464,216,6
2784,464,413,46
2893,464,413,76
3096,464,572,8
3216,464,425,43
3283,464,668,7
3584,464,519,3
67,465,465,44
2134,465,179,23
2960,466,585,97
179,467,706,10
682,467,39,96
1082,467,706,1
1163,467,718,94
1184,467,590,30
1856,467,947,1
1932,467,96,9
2327,467,617,21
2350,467,617,1
2453,467,852,14
3192,467,659,92
3279,467,657,51
3434,467,161,1
3737,467,926,69
3549,468,761,72
1221,471,478,6
3254,472,270,7
2909,473,396,82
2668,474,555,66
1097,475,718,7
1454,475,961,9
2034,475,848,9
2232,475,561,9
2694,475,716,2
3191,475,503,72
3473,475,372,7
1442,476,31,86
3199,476,301,83
3373,476,476,15
170,477,993,50
2572,477,492,32
2587,477,849,31
2532,478,699,58
2763,478,988,63
1010,479,210,37
2330,479,516,31
135,480,583,80
1453,480,748,52
2145,480,613,83
482,481,606,61
2347,481,755,49
3106,481,755,30
3211,481,481,83
1050,482,460,63
2429,482,69,15
3208,482,450,75
3639,482,947,26
264,483,259,10
310,483,364,3
515,483,814,6
615,483,923,5
898,483,275,10
905,483,671,5
1015,483,461,5
1131,483,65,1
1560,483,859,76
1961,483,923,8
3334,483,97,99
3668,483,73,48
3723,483,306,99
3807,483,364,40
29,484,683,1
1061,484,975,20
2093,484,508,89
2597,484,187,10
3507,484,211,84
3762,484,211,21
1055,485,485,64
1508,485,485,65
1656,485,704,73
2102,485,687,7
784,486,486,13
1046,486,118,14
1210,486,968,47
378,487,278,3
1407,487,846,7
2461,487,854,5
252,488,376,82
375,488,474,90
187,489,489,61
2568,489,809,14
3306,489,530,76
289,490,125,1
388,490,125,4
793,490,750,10
990,490,123,18
1066,490,343,100
1445,490,685,68
1682,490,265,91
1729,490,264,5
2433,490,204,4
2942,490,123,95
3624,490,123,96
3735,490,83,10
3833,490,123,35
3423,491,651,56
1426,492,173,57
2579,492,348,95
76,493,19,28
219,493,462,97
239,493,791,6
372,493,769,7
584,493,814,7
677,493,801,8
1020,493,275,5
1095,493,921,20
1252,493,19,8
1558,493,712,2
1965,493,212,20
2560,493,212,32
2859,493,206,54
3452,493,128,100
1675,494,333,5
1868,494,868,10
2545,494,372,9
3550,494,154,3
333,495,291,77
2521,495,691,55
3764,495,722,33
2679,496,5,9
87,497,45,31
696,497,839,21
578,498,933,38
2504,498,933,96
3640,498,749,49
3810,498,564,63
653,499,932,73
1718,501,250,59
307,502,913,6
1402,502,880,3
1612,502,913,8
3229,502,913,6
3342,502,997,33
3586,502,404,2
3621,502,456,1
3793,502,942,8
20,503,61,100
2269,503,690,19
2594,503,702,7
3803,503,503,6
449,504,572,5
513,504,161,7
873,504,197,28
2122,504,583,7
2417,504,730,5
2610,504,659,1
2775,504,384,10
3079,504,207,7
3813,504,457,7
146,505,158,19
875,505,527,6
1028,505,264,5
1491,505,352,3
1530,505,204,8
2548,505,970,95
2703,505,309,83
2848,505,971,93
3007,505,861,75
3014,505,47,5
3349,505,309,69
3485,505,394,83
3701,505,394,31
1651,506,391,4
611,507,602,33
3090,507,602,59
288,508,141,17
415,509,524,99
613,509,957,99
754,509,653,40
1174,509,653,68
1282,509,383,87
2027,509,898,1
2052,509,159,9
2631,509,966,4
338,510,104,85
3061,510,510,36
3699,510,213,61
581,511,143,5
710,511,672,3
1001,511,864,5
1327,511,338,2
1861,511,831,9
2028,511,256,57
3494,511,672,2
597,512,720,34
3344,512,512,60
3362,512,807,88
1076,514,545,10
1147,514,236,9
1385,514,851,10
3574,514,623,4
152,515,931,1
635,515,372,10
872,515,461,7
2399,515,320,1
1063,516,113,67
1278,517,227,5
2022,517,321,3
2573,517,189,9
3038,517,682,7
3132,517,839,7
700,518,400,76
913,518,777,2
2727,518,126,70
542,519,713,91
612,519,457,8
942,519,507,27
1167,519,261,66
1927,519,263,95
1934,519,507,59
2155,519,71,1
2474,519,507,95
2542,519,923,1
3587,519,74,92
3631,519,261,74
223,522,327,13
1226,522,725,98
2405,522,725,83
3048,522,522,94
1042,524,898,8
2379,524,826,9
2824,524,978,2
3438,524,957,5
1966,525,132,70
319,526,414,30
649,526,650,14
1358,526,194,57
1780,526,138,57
1237,527,189,9
2082,527,397,6
3040,527,505,6
3597,527,787,3
3726,527,239,10
177,528,334,2
494,528,266,8
499,528,103,10
2101,528,166,7
2244,528,616,7
3471,528,66,6
3480,528,638,4
2178,529,45,94
2302,529,729,81
1798,530,817,1
775,531,350,10
993,531,44,4
1895,532,936,15
2206,532,807,55
2979,532,181,61
3645,532,512,65
894,533,553,100
3157,534,973,97
1850,535,603,85
3085,535,192,16
18,536,175,76
182,536,614,8
538,536,866,78
596,536,618,99
1005,536,38,8
1207,536,453,55
1943,536,433,9
2194,536,509,1
2537,536,453,95
3044,536,159,97
3635,536,175,28
2013,537,537,18
3003,537,534,89
1086,538,582,97
1116,538,516,10
1296,538,610,5
1573,538,24,9
1618,538,727,5
1808,538,385,11
2252,538,169,1
2353,538,703,73
2411,538,703,88
2975,538,432,94
3183,538,703,73
3320,538,216,10
3819,538,688,10
2219,539,221,8
149,540,528,4
1930,540,320,6
1984,540,524,4
2625,540,112,5
3348,540,446,3
97,541,759,6
473,541,214,97
844,541,220,60
1361,541,318,62
1744,541,6,46
1817,541,220,58
2092,541,636,7
2465,541,318,12
2799,541,151,73
2868,541,716,91
3408,541,443,3
379,544,233,6
2123,544,789,2
888,545,127,88
1102,545,173,27
1268,545,157,39
1354,545,619,97
1492,545,125,7
1731,545,514,10
2536,545,106,10
2632,545,846,98
2788,545,580,7
3492,545,906,82
3729,545,127,48
3830,545,993,2
2729,547,820,90
3638,547,820,49
1154,548,312,70
3845,548,996,20
1739,549,133,57
2789,549,355,7
3832,549,955,95
1203,551,656,97
1643,551,449,89
496,552,616,8
591,552,188,5
2502,552,539,2
422,553,969,72
3843,553,969,81
302,554,682,8
1317,554,321,2
1942,554,839,3
2266,554,839,5
2790,554,89,7
3477,554,730,2
3800,554,882,8
526,555,15,9
3081,556,33,86
3198,556,218,51
103,557,572,6
369,557,140,81
431,557,36,7
1360,557,493,4
1889,557,415,97
2369,557,769,4
2506,557,572,2
2782,557,369,91
3035,557,415,68
3148,557,668,6
3323,557,681,20
3347,557,899,33
3814,557,791,98
43,558,569,46
664,558,194,54
702,558,630,23
1307,558,654,45
1579,558,755,94
950,559,151,61
1788,559,220,87
2230,559,293,27
15,560,560,94
109,560,560,39
311,560,950,9
1316,560,585,11
1741,560,972,41
1092,561,339,9
1565,561,444,1
1787,561,941,1
1907,561,941,5
2177,561,360,4
2622,561,696,1
2714,561,438,4
1625,563,687,73
2261,563,488,48
3064,563,454,32
3437,563,84,38
798,564,708,76
1330,564,196,97
1363,564,738,64
1703,564,738,32
2098,564,196,11
3642,564,99,10
3781,564,708,59
222,565,388,50
1572,565,388,44
2004,565,29,13
2234,567,88,62
4,568,997,66
1844,568,268,90
2108,568,177,52
589,569,983,97
1285,569,630,31
2274,569,569,50
50,570,508,4
1398,571,571,95
38,572,399,50
96,572,668,4
141,572,117,8
158,572,663,68
686,572,399,75
831,572,519,1
965,572,421,6
1041,572,365,1
1365,572,96,1
1611,572,497,58
2144,572,712,6
2604,572,649,97
2698,572,399,34
2847,572,778,94
3519,572,504,7
3520,572,467,1
2363,573,30,52
827,575,414,61
848,575,462,8
1155,575,182,10
1381,575,579,9
1591,575,513,46
1758,575,63,2
2870,575,544,9
2907,575,583,8
3210,575,79,6
3537,575,961,1
353,576,51,5
783,576,680,14
1623,576,51,47
2503,576,51,29
2296,578,257,10
230,579,214,2
518,579,504,8
2338,579,227,4
2352,579,540,5
3333,579,583,1
3598,579,769,7
3742,579,74,10
175,580,47,9
863,580,87,70
1717,580,967,95
1735,580,87,88
2091,580,87,70
2565,580,850,92
2576,580,623,5
2667,580,993,6
3050,580,998,34
3748,580,998,74
3815,580,851,99
241,582,239,8
398,582,16,7
490,582,432,6
938,582,307,2
3414,582,850,4
992,583,668,10
1628,583,961,7
2060,583,931,7
2911,583,439,10
3232,583,97,9
3706,583,339,2
3727,583,839,5
3761,583,332,4
1134,584,584,52
1347,584,871,1
1660,585,560,90
427,586,52,63
870,587,227,91
1021,587,995,87
1149,587,276,10
1284,587,903,27
1631,587,769,10
2528,587,995,70
2890,587,999,17
3046,587,579,99
3521,587,398,5
448,588,394,64
564,588,274,88
1009,588,158,18
1074,588,588,11
2070,588,158,26
1974,589,395,5
2493,589,225,33
906,590,167,29
2268,590,590,56
237,591,308,93
3107,591,20,22
1504,592,565,71
776,593,454,20
884,593,95,7
1791,593,24,3
2183,593,16,8
2615,593,222,2
2803,593,59,4
390,594,818,76
634,594,723,64
668,594,594,15
108,595,502,3
802,595,531,8
1217,595,913,3
2207,595,205,9
3719,595,876,7
1586,596,413,57
1597,596,640,20
2094,596,413,44
2151,596,715,77
2,597,91,47
892,597,287,100
1493,597,368,12
1860,597,855,41
2639,598,383,39
224,599,624,84
2292,599,403,95
130,600,855,26
413,600,287,100
514,600,368,87
694,600,368,91
755,600,216,6
1191,600,545,5
1198,600,870,8
1238,600,199,11
1375,600,917,83
2469,600,286,4
2546,600,672,99
2693,600,91,40
2835,600,727,2
3074,600,919,98
3310,600,610,10
314,601,158,89
697,601,394,63
1725,601,158,11
270,602,333,1
508,602,507,70
2105,602,261,69
3172,602,793,28
2508,603,192,70
2741,603,535,15
3311,603,739,83
1677,604,783,49
2205,604,362,34
2924,604,783,78
3093,604,315,50
2938,606,481,13
1763,607,940,51
208,609,407,97
666,609,407,85
1953,609,609,28
186,610,488,34
924,610,84,30
1031,610,727,9
1098,610,47,7
1291,610,454,89
1616,610,37,7
1887,610,563,39
2142,610,505,5
2662,610,84,82
3356,610,371,96
3365,610,376,60
3426,610,144,9
3463,610,222,94
3782,610,557,9
1609,611,81,73
3750,611,963,60
1534,612,416,59
1636,612,827,45
733,613,613,62
1112,613,748,38
2967,613,771,62
3263,613,748,82
61,614,743,98
246,614,988,67
521,614,766,10
544,614,988,33
1007,614,358,99
1143,614,878,5
2898,614,471,60
3066,614,478,53
3126,614,709,1
3740,614,366,97
3786,614,988,91
205,615,33,39
3533,615,33,98
2297,616,221,6
2736,616,695,5
2850,616,552,5
3790,616,874,8
151,618,159,5
474,619,846,2
3084,619,16,7
1451,620,75,66
592,621,944,84
833,623,787,10
3608,623,300,7
3662,623,580,9
3844,624,819,67
354,626,80,41
356,627,645,44
548,627,645,53
766,627,884,31
957,627,564,63
3065,627,437,66
300,628,750,7
1736,628,971,2
2147,628,619,4
3180,628,619,6
3246,628,274,5
471,629,506,92
959,629,553,74
1348,629,418,92
1812,629,401,86
2038,629,405,6
2393,629,391,97
2400,629,285,6
3135,629,969,34
3184,629,784,8
2623,630,569,93
183,631,645,12
391,631,405,8
632,631,683,7
715,631,683,4
1283,631,648,95
1414,631,627,56
1500,631,683,6
1510,631,103,10
1541,631,354,4
1901,631,564,10
2409,631,724,3
2531,631,645,91
2602,631,241,9
2721,631,437,43
3222,631,884,89
3293,631,978,98
380,632,304,18
438,632,879,92
951,632,705,99
999,632,8,9
1357,632,980,39
2149,632,987,43
3214,632,76,1
3366,632,987,63
3588,632,835,2
3791,632,53,32
3338,634,904,62
3779,635,355,11
112,636,339,9
729,636,69,47
772,636,450,10
949,636,69,69
1311,636,450,50
1434,636,435,72
1470,636,38,6
1871,636,279,94
1900,636,632,6
2732,636,614,5
2762,636,337,96
2804,636,920,3
2851,636,947,8
2962,636,546,3
3258,636,290,1
3461,636,249,47
3476,636,920,2
3743,636,546,39
1439,637,86,80
209,638,90,3
374,638,984,29
829,638,826,96
1033,638,733,7
1730,638,714,70
1862,638,38,2
2114,638,255,7
2138,638,885,24
2242,638,874,3
2490,638,631,4
2826,638,458,73
2832,638,345,71
3060,638,360,93
3137,638,528,2
345,639,295,7
404,639,68,2
1090,639,527,7
3462,639,768,6
1032,640,413,30
2356,640,911,69
2935,640,596,3
3568,640,455,28
22,642,536,7
100,642,916,6
242,642,328,12
315,642,900,8
339,642,433,100
545,642,320,2
1406,642,822,81
1919,642,689,91
2248,642,822,40
2431,642,162,7
2785,642,721,51
2966,642,328,13
3676,642,920,5
3849,642,822,10
593,643,463,91
828,645,354,20
1169,645,741,16
3088,645,627,97
3421,645,437,25
3708,645,627,53
985,646,736,30
1705,646,139,4
1993,646,670,87
1465,647,715,58
2718,647,911,73
805,648,58,5
1137,648,58,1
1955,648,442,3
3008,648,506,3
3287,648,506,2
3499,648,978,8
823,649,515,9
1401,649,778,6
2588,649,421,7
3304,649,443,9
89,650,382,15
1003,650,802,34
1301,650,773,98
2770,650,414,61
698,651,361,39
918,651,186,73
3133,651,409,73
3481,651,277,93
55,652,160,68
832,652,62,28
1196,652,160,2
1945,652,335,61
859,653,598,5
1338,653,468,67
1548,654,630,26
3567,654,630,36
1833,655,945,16
470,656,656,24
3308,656,929,3
587,657,852,49
760,658,153,96
962,658,926,93
1140,658,153,91
1240,658,378,98
1580,658,611,69
1827,658,706,9
2616,658,928,3
2831,658,153,76
2963,658,280,54
3623,658,39,99
1305,659,879,1
1490,659,879,8
2190,659,866,13
2282,659,433,7
2357,659,96,7
2776,659,279,3
2888,659,718,5
3201,659,320,4
3251,659,39,5
1987,660,244,72
2066,660,660,39
1458,661,729,41
1873,661,45,27
2050,661,45,17
2281,661,294,29
2671,661,39,78
3595,661,661,65
2647,662,288,62
426,663,497,21
947,663,365,5
3159,663,657,21
2969,666,994,86
3177,667,799,10
641,668,583,4
737,668,923,3
777,668,346,9
952,668,959,7
1178,668,457,99
1372,668,386,56
1537,668,178,8
1578,668,275,3
1978,668,682,100
2057,668,513,43
2170,668,519,3
2447,668,907,39
2682,668,386,13
2705,668,346,64
3071,668,386,82
3256,668,636,8
102,669,762,83
2213,669,656,83
171,670,412,81
1333,670,139,68
2895,670,646,72
3364,670,412,20
8,671,349,19
278,671,536,9
436,671,638,8
440,671,359,35
510,671,951,92
795,671,724,4
1106,671,567,64
1128,671,567,4
2489,671,320,98
2884,671,642,2
3143,671,536,4
3277,671,359,50
3482,671,567,35
3627,671,406,4
106,672,919,8
929,672,432,1
1058,672,870,9
1467,672,851,1
1973,672,882,6
2380,672,764,5
2833,672,514,4
3559,672,864,3
658,673,592,91
1956,673,592,76
3625,673,673,32
1256,674,447,43
3367,674,967,40
3454,674,87,44
3086,675,681,41
283,677,740,19
1828,677,940,45
2419,677,882,61
3139,677,55,12
3351,677,832,60
3548,677,607,84
279,678,839,8
714,678,730,6
974,678,730,4
1219,678,227,4
2806,678,36,5
48,679,207,8
821,680,101,96
3384,680,51,39
19,681,252,2
1057,681,252,10
2856,681,415,41
3643,681,415,1
1723,682,457,9
1964,682,333,5
297,683,17,17
1472,683,99,98
2164,683,564,7
2860,683,975,99
2951,683,150,24
3262,683,442,98
3295,683,150,99
3602,683,875,2
3620,683,17,20
1166,685,284,66
2063,685,284,54
2982,685,685,57
819,687,704,57
2062,687,704,38
2169,687,687,29
2364,687,687,81
2807,687,802,94
113,688,505,4
116,688,487,94
323,688,67,10
492,688,50,99
797,688,67,99
893,688,432,3
927,688,50,41
1250,688,37,5
1983,688,993,7
2406,688,216,1
2648,688,909,25
3069,688,278,2
3717,688,50,23
3760,688,854,96
2388,689,696,9
3700,689,790,51
3789,689,360,4
3824,689,433,3
792,690,61,55
2119,690,121,25
2354,690,702,59
389,691,495,37
1529,691,291,14
1846,691,722,47
3573,691,746,85
59,692,977,11
1522,692,692,78
3415,693,567,88
416,695,241,8
917,695,188,2
2927,695,257,5
3809,695,99,6
1266,696,766,9
3042,696,108,4
2661,697,262,81
3339,697,262,99
381,698,652,59
3114,698,62,8
95,699,699,26
2110,699,471,5
3070,699,29,52
1947,700,635,54
16,701,490,3
196,701,722,74
742,701,291,71
791,701,870,7
1314,701,836,10
1642,701,691,81
2032,701,291,27
2153,701,441,71
2392,701,746,25
2987,701,628,99
3649,701,750,91
3712,702,503,19
281,703,776,22
735,703,428,40
1418,703,385,22
968,704,208,42
3766,704,10,12
838,705,876,2
1673,705,344,3
1772,705,879,3
1800,705,756,1
3131,705,360,7
3816,705,108,8
255,706,39,2
322,706,614,5
477,706,667,92
922,706,799,97
1045,706,38,8
1087,706,938,84
1687,706,205,3
1877,706,162,7
2024,706,709,5
2783,706,164,51
3041,706,892,29
3273,706,4,67
3848,706,4,96
709,707,849,96
726,707,37,20
1581,707,849,69
2136,707,413,40
2808,707,348,67
91,708,2,4
2643,708,781,48
2802,708,196,86
678,709,629,2
1172,709,913,6
1450,709,592,21
1600,709,29,85
1840,709,29,58
1890,709,285,98
2257,709,405,9
2319,709,741,71
2627,709,281,99
3077,709,388,28
3589,709,796,7
3610,709,388,32
225,710,421,2
392,710,769,8
588,710,587,3
657,710,93,63
878,710,93,79
1200,710,808,36
1290,710,131,3
1657,710,464,5
1838,710,545,2
2061,710,93,44
2089,710,156,87
2547,710,264,6
2598,710,236,99
2797,710,140,29
2908,710,572,10
3371,710,514,98
3677,710,779,5
2928,711,788,61
419,712,558,23
624,712,168,95
885,712,1000,96
1461,712,536,1
1645,712,346,3
1746,712,983,93
1843,712,117,1
1853,712,467,10
2324,712,475,96
2443,712,569,39
3171,712,384,1
3641,712,923,8
3777,712,961,100
235,713,507,64
2853,714,345,10
3466,714,277,61
498,715,715,12
1463,715,821,80
2148,715,425,13
2197,715,640,76
3316,715,583,86
274,716,214,3
650,716,926,6
1096,716,164,52
1902,716,848,3
3248,716,803,9
3321,716,718,8
1355,717,165,32
90,718,705,5
1688,718,659,9
2621,718,926,8
2768,718,337,6
2852,718,705,8
3490,718,689,4
3603,718,951,6
40,719,116,64
51,719,752,22
2303,719,745,33
58,720,512,59
1299,721,328,55
1818,721,328,55
1874,721,822,25
468,722,495,89
1782,722,919,80
189,723,723,76
532,723,440,10
1423,723,440,77
1531,723,34,22
83,724,784,5
516,724,80,72
1119,724,90,9
1165,724,723,88
1318,724,145,4
1506,724,476,81
1858,724,978,8
1883,724,784,1
2085,724,48,94
2152,724,626,1
2235,724,564,8
2711,724,80,97
2945,724,31,39
3390,724,90,4
3420,724,408,95
602,725,327,86
609,725,258,22
3825,725,327,40
395,727,607,71
636,727,199,97
839,727,677,13
864,727,769,7
1211,727,993,5
1438,727,199,19
1672,727,832,78
1824,727,580,5
2014,727,527,96
2396,727,505,1
2414,727,239,97
2595,727,464,2
3130,727,371,7
3147,727,216,7
3628,727,587,1
3696,727,607,39
154,728,201,28
834,728,146,65
2657,728,728,30
3317,728,256,93
616,729,45,79
2311,729,529,60
2530,729,705,94
3711,729,753,42
39,730,14,9
708,730,504,4
980,730,317,1
2276,730,839,1
2540,730,679,1
3118,730,682,4
3134,730,718,4
2391,731,962,69
3350,731,962,87
251,732,427,69
846,732,501,62
1773,732,732,58
2920,732,887,10
3725,732,914,93
571,733,568,99
841,733,914,8
923,733,616,91
935,733,874,6
1190,733,126,77
1380,733,539,77
1382,733,518,80
2541,733,518,86
2559,733,792,6
2749,733,777,17
2755,733,66,5
2834,733,518,16
2864,733,552,92
3579,733,1,56
1517,734,655,75
1686,734,565,34
132,735,910,70
1593,735,949,41
2981,735,473,52
42,736,736,26
357,736,670,57
1227,736,646,54
2111,736,885,86
1011,737,429,60
1457,737,737,19
1881,738,196,95
2284,738,235,77
3355,738,781,46
3607,738,781,55
259,739,739,22
604,739,848,22
774,739,700,24
1341,740,999,98
1710,741,486,21
1880,743,743,74
2633,743,435,86
3369,743,435,80
852,744,452,100
49,745,70,86
121,745,70,91
1968,745,116,86
2386,745,752,83
736,746,746,15
1065,746,441,25
2285,746,441,83
3175,746,291,35
2468,747,797,51
2816,747,797,4
3267,747,591,84
2143,748,33,69
2427,748,646,23
991,749,765,17
1905,749,298,98
522,750,397,1
1769,750,628,7
2534,750,846,6
2883,750,970,3
2999,750,846,3
3387,750,490,3
169,751,695,6
789,751,221,7
857,751,767,1
1494,751,947,3
1814,751,595,2
2073,751,616,5
2684,751,444,1
2901,751,448,44
3596,751,978,9
3011,752,830,15
874,753,529,9
1394,753,45,5
1425,753,661,33
2500,753,337,95
153,755,175,3
476,755,481,38
3136,755,453,35
30,756,248,6
1136,756,578,8
1518,756,103,1
2914,756,248,3
3091,756,188,5
3386,756,248,2
3808,756,442,10
626,757,749,46
2278,757,765,34
2781,757,749,78
2752,758,436,13
3496,758,958,1
3715,758,847,6
204,759,706,10
303,759,503,90
429,759,923,8
507,759,214,6
1241,759,690,15
1464,759,96,4
1481,759,439,100
2280,759,333,97
2283,759,503,51
2305,759,61,57
2544,759,702,51
2607,759,61,43
2949,759,658,6
3037,759,65,9
2167,761,598,95
3102,761,468,76
517,762,412,62
1164,762,948,98
1547,762,929,32
1864,762,551,64
3744,762,669,81
1212,763,146,96
2081,763,763,89
3312,763,256,45
574,764,583,1
2681,764,216,4
3045,764,16,7
3340,764,868,9
363,765,298,94
2996,765,757,5
3475,765,933,20
2341,766,913,4
2964,766,614,2
3856,766,696,2
1519,767,916,3
3500,767,344,7
3831,767,334,3
455,768,239,6
3419,768,639,8
3467,768,805,8
217,769,22,8
313,769,613,35
693,769,367,33
701,769,233,93
914,769,544,98
1344,769,759,10
1356,769,613,63
1849,769,445,97
1992,769,572,8
1999,769,668,1
2989,769,579,5
3149,769,71,6
3292,769,789,1
3381,769,112,10
3513,769,771,87
1911,770,741,83
3736,770,393,72
1371,771,22,89
1716,771,367,21
2896,771,771,29
3630,771,445,94
659,772,198,71
866,772,586,24
2090,772,992,97
44,773,340,98
2439,773,168,33
1199,775,417,57
1369,775,324,38
2988,776,428,21
1684,777,148,13
2670,777,518,18
551,778,649,8
1321,778,372,10
2903,778,0,5
501,779,843,35
1666,779,413,81
1802,779,808,92
1834,779,808,99
1939,779,362,10
243,780,795,68
3560,780,109,57
2023,781,235,19
3444,781,708,93
1437,782,452,97
1949,782,744,42
2600,782,262,33
2218,783,315,56
2879,783,72,69
1035,784,64,82
1051,784,255,9
1253,784,25,98
1997,784,64,16
2423,784,723,64
3056,784,440,68
3341,784,266,92
3407,784,723,13
3450,784,391,9
3784,784,818,42
813,785,39,87
1704,785,598,85
2527,785,872,69
3234,785,872,36
430,787,583,2
550,787,801,95
1538,787,321,7
3120,787,462,5
3152,787,579,8
3406,787,47,1
1332,788,609,56
2051,788,82,43
2413,788,609,19
80,789,504,94
206,789,572,3
334,789,422,51
651,789,326,34
1145,789,730,92
2993,789,804,33
3112,789,544,7
3770,789,804,94
3823,789,896,88
1080,790,198,18
2842,790,387,83
2990,790,812,6
117,791,369,8
451,791,579,9
1047,791,384,7
1777,791,493,10
2658,791,960,3
3315,791,97,4
133,792,174,98
690,792,119,95
936,792,997,58
1516,792,997,8
1977,792,417,70
2438,792,942,2
2805,792,997,26
2817,792,838,2
3034,792,268,70
1189,793,40,42
2069,793,602,75
2265,793,261,6
1261,794,466,68
3291,794,50,85
3606,794,794,6
3801,794,909,43
3772,795,795,74
131,796,434,13
269,796,356,71
539,796,122,16
1806,796,350,99
1990,796,405,5
2131,796,44,4
2717,796,434,93
2731,796,531,99
2861,796,434,66
3651,796,434,32
3811,796,404,6
1709,797,20,58
1928,797,591,27
1951,797,591,66
2591,798,98,66
2649,798,129,25
642,799,667,7
3163,799,162,4
2767,800,293,49
3840,800,6,40
417,801,923,5
590,801,526,54
854,801,526,78
915,801,414,36
1022,801,844,100
1312,801,769,4
1471,801,483,3
1681,801,178,2
1869,801,587,5
1909,801,398,96
2239,801,712,5
2250,801,462,7
2563,801,414,8
2876,801,802,50
2978,801,414,33
3709,801,759,10
1568,802,773,7
3326,802,382,55
1359,803,928,9
1202,804,85,14
1836,804,896,83
2487,804,804,76
2897,805,68,1
1232,806,578,1
2519,806,404,9
2692,807,936,85
3360,807,720,38
745,808,156,70
1829,808,843,54
1937,808,808,2
2653,808,748,3
2680,808,944,46
491,809,770,55
1449,810,110,80
1561,810,811,75
2247,810,661,76
5,811,3,57
689,812,387,68
1796,812,874,30
2307,812,129,22
3611,812,798,64
45,814,698,68
580,814,857,50
725,814,960,3
750,814,632,5
1775,814,335,3
1888,814,372,92
2513,814,160,64
2918,814,62,59
2930,814,461,9
3758,814,515,93
1264,815,184,34
1588,815,619,83
2800,815,217,4
2432,816,816,96
2791,816,904,18
3432,816,523,58
118,817,393,39
1485,817,809,47
1108,818,34,26
1929,818,818,5
3166,818,594,36
3852,818,440,55
428,819,960,6
1069,819,438,10
753,820,336,8
2514,820,336,18
1670,821,979,59
2044,821,680,57
2696,821,979,27
1415,822,94,17
321,824,105,87
3518,824,824,47
3780,824,411,100
1712,826,38,2
1963,826,270,10
2620,826,616,5
2830,826,360,10
3043,826,767,5
3072,826,27,2
210,827,133,81
1751,827,660,77
2462,827,423,29
1436,828,863,25
3679,828,858,65
1223,829,749,26
17,830,585,18
984,831,307,2
1071,831,299,6
2557,831,919,7
2766,831,511,8
2867,831,919,2
794,832,55,86
163,833,537,5
1121,833,537,12
1559,833,12,29
3673,833,973,30
318,834,492,57
3664,834,210,82
3722,834,357,30
365,835,916,10
384,835,747,50
445,835,928,93
618,835,658,7
730,835,747,8
1192,835,803,92
1255,835,631,6
1405,835,205,9
1655,835,38,10
1689,835,643,38
1753,835,643,97
1936,835,747,51
2309,835,360,40
2666,835,879,4
3108,835,913,45
3243,835,709,7
3657,835,463,48
1619,836,981,9
1759,836,672,4
3687,836,701,5
85,837,169,7
218,837,958,33
346,837,758,70
1129,837,958,10
1303,837,573,18
1774,837,68,1
2764,837,95,100
2823,837,113,96
3032,837,30,62
3554,837,30,43
599,838,119,2
607,838,539,95
1039,838,914,9
1374,838,817,15
1596,838,770,91
1859,838,221,99
2072,838,770,17
2172,838,489,8
2211,838,809,24
2228,838,405,2
2641,838,393,50
272,839,583,7
585,839,142,9
824,839,306,10
930,839,154,4
1067,839,333,7
1882,839,561,8
1994,839,475,8
1466,841,15,73
1954,841,203,84
2494,841,924,26
2550,841,15,67
2976,841,841,90
1396,842,894,47
2121,842,894,19
2385,842,842,22
3460,842,637,97
764,843,93,17
768,843,779,7
1280,844,398,5
639,846,125,3
1246,846,619,8
1329,846,764,2
142,847,573,27
1215,847,573,17
3227,847,436,79
1985,848,410,10
2080,848,667,10
88,849,707,85
1474,849,834,41
2210,849,849,43
306,850,844,8
646,850,730,7
3301,850,851,6
479,851,993,6
1819,851,398,7
1845,851,850,8
2471,851,504,7
1417,852,869,73
1783,852,869,95
3000,852,852,73
452,853,66,10
2337,853,539,8
2922,853,60,2
1175,854,487,7
1274,854,619,10
1595,855,288,13
1319,856,810,7
2973,856,811,92
459,858,64,45
2251,858,863,65
3039,858,863,26
172,859,548,2
232,859,859,67
1514,859,312,75
2722,859,312,66
1110,860,115,19
78,861,861,87
2375,861,189,30
3257,861,309,27
465,862,5,52
679,862,496,18
2192,863,136,95
2497,863,828,4
3405,863,322,78
1935,864,649,2
2126,864,462,10
2243,864,37,2
2771,864,307,3
2854,864,384,7
1563,865,359,6
814,866,481,74
724,867,728,82
1435,867,763,39
2047,867,867,35
2428,867,867,52
21,868,515,4
1309,868,439,2
1761,868,931,9
2174,868,155,9
2730,868,494,10
107,869,869,10
1971,869,590,68
2295,869,617,55
2564,869,657,20
503,870,464,9
849,870,477,74
940,870,993,10
1100,870,492,69
1101,870,477,1
1592,870,672,3
1852,870,216,3
1914,870,688,9
1979,870,593,93
2374,870,24,98
2691,870,707,80
2702,870,492,53
2796,870,348,63
2921,870,545,7
3531,870,37,9
3613,870,538,8
1654,871,347,61
2349,871,347,35
2317,872,871,52
3798,872,107,56
212,874,986,78
343,874,914,5
1029,874,942,100
1188,874,792,6
1727,874,60,98
1734,874,986,88
2306,874,501,84
2424,874,616,9
3075,874,241,3
3353,874,887,31
3427,874,427,97
3672,874,732,74
462,875,683,8
2333,875,248,9
1383,876,595,7
3151,876,108,9
3526,876,456,3
3714,876,350,4
728,878,358,4
1340,878,473,56
1922,878,473,40
2215,878,920,9
2323,878,473,92
2618,878,910,92
3307,878,897,96
3506,878,473,31
3569,878,735,61
3842,878,941,95
231,879,913,7
442,879,103,4
989,879,826,6
1478,879,767,2
2260,879,705,5
2340,879,595,6
3566,879,835,6
69,880,673,26
200,880,709,3
868,880,334,95
953,880,90,7
1277,880,792,1
1477,880,709,1
1526,880,945,11
1742,880,232,52
1986,880,58,98
2318,880,709,8
2378,880,195,33
2688,880,502,6
2892,880,655,78
3493,880,796,2
756,882,504,1
902,882,787,6
1228,882,464,9
1554,882,554,1
2758,882,79,6
2866,882,457,8
3253,882,583,9
3604,882,583,8
168,883,434,69
638,883,26,100
3396,883,434,19
3020,884,437,4
3395,884,627,97
3570,884,765,26
325,885,458,44
2236,885,120,12
1452,886,894,25
1981,886,842,44
2844,886,637,88
1431,887,829,37
1488,887,250,11
2484,887,829,23
3376,887,986,89
2253,888,109,27
207,889,700,37
1443,889,42,55
2084,889,192,93
954,890,612,51
3221,890,890,29
3799,890,416,65
3154,891,933,98
1569,892,938,97
1982,892,938,39
1208,893,4,29
1894,893,110,19
2054,893,565,87
2310,893,110,79
2477,893,164,1
1711,894,842,60
2059,895,546,38
2348,896,329,15
2738,896,896,82
211,897,920,10
717,897,103,6
765,897,941,7
865,897,978,2
1170,897,354,77
2237,897,119,9
3002,897,942,1
3289,897,695,1
115,898,38,1
295,898,104,91
758,898,724,1
871,898,104,99
1081,898,438,92
1275,898,8,99
1551,898,935,61
2748,898,510,78
2926,898,310,12
2953,898,524,1
3110,898,632,1
665,899,415,77
1024,899,252,99
3372,899,899,91
908,900,586,26
1150,900,772,31
1251,900,270,6
2104,900,947,6
2837,900,52,52
2874,900,444,99
2946,900,992,89
3142,900,586,76
3397,900,751,96
421,901,172,71
672,901,985,23
1273,901,985,26
1715,901,227,71
3286,901,985,54
933,902,222,5
1822,902,236,8
1876,902,16,8
2857,902,59,2
3453,902,286,4
812,903,54,1
926,903,903,30
2358,903,740,63
826,904,803,48
2765,904,816,67
3209,904,374,25
458,905,482,35
1659,905,972,23
1924,905,856,82
858,906,106,58
2779,906,127,82
3026,906,906,4
2753,907,584,82
1160,908,737,61
2031,908,11,38
198,909,135,14
1113,909,135,55
32,910,247,76
1750,910,949,6
3498,910,247,62
406,911,793,31
284,913,108,2
667,913,257,1
1496,913,404,3
2485,913,709,7
238,914,807,8
262,914,936,9
644,914,695,99
835,914,221,10
1144,914,720,3
1209,914,181,15
1220,914,936,95
2275,914,188,99
3189,914,241,2
3543,914,532,4
680,916,767,2
801,916,90,7
1093,916,183,76
1187,916,456,98
2125,916,502,98
2184,916,23,59
2472,916,717,61
2640,916,165,55
3354,916,880,6
3547,916,381,2
3836,916,23,20
2754,917,91,43
226,918,124,58
495,918,124,61
3240,918,982,28
3693,918,294,47
505,919,554,1
1690,919,307,8
2008,919,672,5
2434,919,236,7
2581,919,582,10
3718,919,850,10
3721,919,16,9
199,920,860,80
385,920,792,1
484,920,900,3
674,920,897,6
713,920,78,73
1346,920,115,50
1413,920,631,2
1801,920,838,3
1815,920,724,3
2103,920,891,67
2863,920,472,94
2932,920,489,5
3100,920,270,93
3250,920,324,25
3759,920,860,82
3802,920,241,4
1602,921,237,24
1653,921,19,44
185,922,184,50
1336,922,184,89
2163,922,184,1
65,923,931,93
669,923,439,7
1513,923,154,94
1524,923,744,84
2017,923,452,90
2078,923,194,90
2135,923,744,12
2193,923,452,81
3617,923,959,9
3675,923,452,54
629,924,15,97
2821,925,620,20
2733,926,876,8
3233,926,696,4
3313,926,108,8
3441,926,39,7
3457,926,360,1
3503,926,798,59
3446,928,658,9
3488,928,803,8
673,929,948,91
986,929,551,48
1975,929,669,47
2415,929,8,77
3710,929,551,36
1117,931,959,5
1473,931,39,10
1810,931,154,9
1835,931,659,3
275,932,499,4
53,933,933,74
1105,933,765,64
2651,933,765,3
3207,933,765,10
3391,935,310,10
567,936,532,64
1008,937,86,35
2936,937,886,42
144,938,893,56
1891,938,164,9
807,939,187,77
1030,939,508,72
1713,939,484,52
2127,940,607,50
2498,940,199,61
3792,940,677,6
134,941,648,3
138,941,897,8
301,941,756,3
840,941,80,60
1012,941,174,9
1552,941,60,6
2707,941,188,6
741,942,792,7
2959,942,60,8
178,943,10,13
66,944,635,66
1512,944,621,12
2009,944,229,54
2511,944,185,83
3565,944,424,68
287,945,883,11
1553,945,734,19
1650,945,195,36
897,946,883,96
705,947,27,91
799,947,589,88
1000,947,205,9
1676,947,874,8
2166,947,916,8
2255,947,241,3
2312,947,272,3
2551,947,35,84
2575,947,395,26
2751,947,751,8
2916,947,225,79
3092,947,419,48
3502,947,325,94
3510,947,724,2
3580,947,914,6
670,948,960,46
2592,949,396,30
2582,950,245,39
2948,950,288,6
150,951,320,9
712,951,667,1
1447,951,472,10
2116,951,941,8
3685,951,344,2
480,952,476,35
1607,952,31,87
2446,952,952,91
520,953,841,72
2313,953,227,54
1180,954,693,3
1023,955,133,61
2456,955,856,86
1866,956,431,84
1885,956,431,38
2203,957,360,4
2390,957,648,1
2991,957,524,2
1532,958,758,97
2479,958,30,91
99,959,931,7
254,959,209,57
887,959,410,93
1899,959,706,10
2196,959,96,2
2198,959,65,6
2412,959,209,72
2611,959,848,92
2997,959,810,24
3495,959,810,26
3575,959,856,10
3805,959,3,53
331,960,814,6
1469,960,8,2
3022,960,819,1
70,961,214,10
203,961,515,2
2056,961,659,4
2325,961,410,1
2567,961,450,65
2724,961,346,5
3539,961,339,3
3733,961,475,3
256,962,962,79
461,962,141,4
706,962,991,72
3019,963,81,41
84,964,557,6
625,964,678,95
817,964,79,7
889,964,979,91
1073,964,275,3
2746,964,576,69
2887,964,576,42
2961,964,117,2
3054,964,36,93
3123,964,449,50
3449,964,576,3
3505,964,680,64
3822,964,979,40
786,966,761,79
1556,967,87,31
2217,967,998,52
2524,967,447,50
2554,967,87,65
1634,969,571,82
2599,969,418,29
3021,969,401,21
3164,969,969,51
1585,970,971,4
2162,970,623,7
2535,970,204,6
3614,970,398,8
3854,970,447,48
1950,971,970,10
2955,971,300,6
3707,971,844,2
447,972,203,56
1608,972,905,91
377,973,707,78
1038,974,197,3
3324,974,197,86
3583,974,974,47
921,976,522,75
1390,976,258,1
7,977,203,99
627,978,99,3
1139,978,334,5
1168,978,724,5
1411,978,334,9
2005,978,648,2
2076,978,391,10
3697,978,391,3
1193,979,101,46
2626,979,1000,71
956,980,76,71
2185,980,980,100
2209,980,304,18
3030,980,392,77
324,981,836,8
3337,981,919,7
684,982,982,14
3402,982,294,49
2383,984,437,40
1056,985,341,98
1693,985,953,88
1809,985,172,51
537,986,501,65
656,986,250,56
3162,986,829,78
3468,986,887,48
1706,987,987,15
2761,987,304,55
3829,987,304,87
2019,988,743,96
2021,989,619,35
3383,989,41,42
603,990,780,24
785,990,990,3
1696,990,795,36
1821,990,990,59
299,992,992,62
366,992,772,73
3487,992,823,27
60,993,389,11
598,993,336,61
1646,993,851,10
1719,993,179,54
2523,993,47,5
2654,993,336,51
2769,993,787,98
2882,993,321,98
3067,993,572,9
3111,993,336,3
3247,993,587,8
637,994,968,83
3186,994,741,61
2950,995,995,95
1262,996,355,52
3425,996,635,65
2227,997,130,86
554,998,447,100
359,999,995,76
2719,999,276,45
3399,999,276,21
